Date,Open,High,Low,Close,Volume,GDP,Unemployment,CPI,FRED_Rate,Sentiment_Score
2024-10-11,11.15999984741211,11.5,10.25,10.720000267028809,849400,29749.47507526882,4.132258064516129,315.8494838709678,4.768709677419355,-0.3209503567860822
2024-10-14,11.229999542236328,12.300000190734863,9.510000228881836,9.75,309200,29757.158397849464,4.141935483870967,315.9351290322581,4.750322580645161,0.32833505614858893
2024-10-15,9.720000267028809,11.470000267028809,9.395000457763672,10.75,178000,29759.719505376343,4.145161290322581,315.96367741935484,4.744193548387097,-0.04726257946498447
2024-10-16,11.149999618530272,11.795000076293944,9.520000457763672,10.920000076293944,168500,29762.28061290323,4.148387096774194,315.99222580645164,4.7380645161290325,-0.13343639520506567
2024-10-17,10.369999885559082,11.239999771118164,10.369999885559082,10.859999656677246,75800,29764.841720430108,4.151612903225806,316.0207741935484,4.731935483870967,0.01731992258254622
2024-10-18,11.25,11.25,10.39900016784668,11.0,40700,29767.40282795699,4.154838709677419,316.0493225806452,4.725806451612903,0.031666224218540595
2024-10-21,11.399999618530272,11.600000381469728,10.56999969482422,10.899999618530272,58800,29775.086150537634,4.164516129032258,316.1349677419355,4.707419354838709,0.6419512368652789
2024-10-22,11.630000114440918,11.630000114440918,10.539999961853027,10.899999618530272,103900,29777.64725806452,4.167741935483871,316.16351612903225,4.701290322580645,0.0034590371188549796
2024-10-23,10.779999732971191,11.18000030517578,10.75,11.0,63700,29780.2083655914,4.170967741935484,316.19206451612905,4.695161290322581,0.08768493413261358
2024-10-24,11.225000381469728,11.225000381469728,10.710000038146973,11.0,37500,29782.76947311828,4.174193548387096,316.2206129032258,4.689032258064516,0.06543848271966901
2024-10-25,11.239999771118164,11.239999771118164,10.835000038146973,11.1899995803833,25100,29785.330580645164,4.17741935483871,316.2491612903226,4.682903225806451,0.09113922254329498
2024-10-28,11.43000030517578,11.600000381469728,10.6899995803833,11.109999656677246,49900,29793.01390322581,4.187096774193549,316.3348064516129,4.664516129032258,0.6628725049178277
2024-10-29,11.050000190734863,11.470000267028809,10.760000228881836,11.369999885559082,57600,29795.57501075269,4.190322580645161,316.3633548387097,4.658387096774193,0.06908108127899526
2024-10-30,11.28499984741211,11.28499984741211,10.529999732971191,10.800000190734863,37900,29798.13611827957,4.193548387096774,316.39190322580646,4.652258064516129,-0.0026826684624779995
2024-10-31,10.890000343322754,10.899999618530272,10.109999656677246,10.630000114440918,32500,29800.69722580645,4.196774193548388,316.42045161290326,4.646129032258064,0.01687100210046988
2024-11-01,10.5,10.550000190734863,9.75,10.050000190734863,28500,29803.25833333333,4.2,316.449,4.64,-0.021168426237137217
2024-11-04,9.93000030517578,10.050000190734863,7.800000190734863,8.220000267028809,114700,29811.197766666668,4.19,316.56440000000003,4.624,0.671808502491783
2024-11-05,8.300000190734863,9.8100004196167,8.260000228881836,9.31999969482422,113300,29813.844244444444,4.1866666666666665,316.60286666666667,4.618666666666666,0.16054959485141773
2024-11-06,10.050000190734863,11.0,8.109999656677246,9.100000381469728,91400,29816.490722222225,4.183333333333334,316.64133333333336,4.613333333333333,-0.17504660937282235
2024-11-07,8.960000038146973,10.845000267028809,8.949999809265137,10.5,80000,29819.1372,4.18,316.6798,4.608,0.1470741065000971
2024-11-08,10.600000381469728,10.630000114440918,9.350000381469728,10.59000015258789,42000,29821.783677777777,4.176666666666667,316.7182666666667,4.602666666666667,0.11043776869302757
2024-11-11,10.539999961853027,11.005000114440918,9.699999809265137,10.510000228881836,42400,29829.72311111111,4.166666666666667,316.83366666666666,4.586666666666667,1.0
2024-11-12,10.130000114440918,12.260000228881836,9.880000114440918,11.739999771118164,95900,29832.36958888889,4.163333333333333,316.8721333333333,4.581333333333333,0.1196029647706176
2024-11-13,11.800000190734863,12.010000228881836,10.145000457763672,10.18000030517578,58400,29835.016066666667,4.16,316.9106,4.576,-0.06647747812274052
2024-11-14,10.199999809265137,10.600000381469728,9.5,9.609999656677246,80400,29837.662544444443,4.156666666666666,316.9490666666667,4.570666666666667,0.10139711707024701
2024-11-15,9.960000038146973,9.989999771118164,7.96999979019165,8.119999885559082,40800,29840.309022222224,4.153333333333333,316.9875333333333,4.565333333333333,-0.18510697873302118
2024-11-18,8.270000457763672,8.270000457763672,6.710000038146973,6.820000171661377,62800,29848.24845555556,4.1433333333333335,317.10293333333334,4.549333333333333,0.7550815600851788
2024-11-19,6.920000076293945,7.179999828338623,6.349999904632568,6.610000133514404,69100,29850.894933333333,4.14,317.14140000000003,4.5440000000000005,0.0994097537126688
2024-11-20,6.539999961853027,6.710000038146973,5.150000095367432,5.329999923706055,65500,29853.54141111111,4.136666666666667,317.17986666666667,4.538666666666667,-0.258167546197443
2024-11-21,6.0,6.46999979019165,5.489999771118164,5.78000020980835,65100,29856.18788888889,4.133333333333333,317.21833333333336,4.533333333333333,0.12459911868095919
2024-11-22,5.610000133514404,6.489999771118164,5.0,5.409999847412109,80900,29858.834366666662,4.13,317.2568,4.5280000000000005,-0.12737149181067164
2024-11-25,5.329999923706055,5.710000038146973,4.059999942779541,4.460000038146973,158700,29866.7738,4.12,317.3722,4.5120000000000005,0.5998822020102643
2024-11-26,4.53000020980835,4.949999809265137,4.357999801635742,4.940000057220459,55700,29869.42027777777,4.116666666666666,317.41066666666666,4.506666666666667,0.20035361121192352
2024-11-27,5.019999980926514,5.039999961853027,4.420000076293945,4.690000057220459,48700,29872.06675555556,4.113333333333333,317.4491333333333,4.501333333333334,0.056691133966182417
2024-11-29,4.835000038146973,5.190000057220459,4.51800012588501,4.789999961853027,38200,29877.35971111111,4.1066666666666665,317.5260666666667,4.490666666666667,0.5462783153528925
2024-12-02,4.869999885559082,5.144000053405762,4.230000019073486,5.070000171661377,95200,29885.213774193548,4.096774193548387,317.65083870967743,4.475161290322581,0.9512705899940039
2024-12-03,5.099999904632568,5.159999847412109,4.659999847412109,4.849999904632568,33000,29887.77488172043,4.0935483870967735,317.69867741935485,4.470322580645162,0.0432350578196985
2024-12-04,4.920000076293945,5.989999771118164,4.849999904632568,5.909999847412109,89900,29890.33598924731,4.090322580645161,317.7465161290323,4.465483870967742,0.1564962498216398
2024-12-05,5.929999828338623,10.800000190734863,5.315000057220459,9.8100004196167,533000,29892.89709677419,4.087096774193548,317.7943548387097,4.460645161290323,0.18031160250859535
2024-12-06,7.610000133514404,8.75,7.019999980926514,7.809999942779541,147200,29895.45820430108,4.083870967741936,317.8421935483871,4.455806451612904,-0.19919896273963045
2024-12-09,7.929999828338623,9.390000343322754,7.324999809265137,9.029999732971191,95900,29903.14152688172,4.074193548387097,317.9857096774194,4.441290322580645,0.8486005342799259
2024-12-10,8.890000343322754,9.713000297546388,8.0,8.300000190734863,76800,29905.7026344086,4.070967741935483,318.0335483870968,4.436451612903226,-0.11488868303615474
2024-12-11,8.350000381469727,9.390000343322754,8.0,8.479999542236328,169600,29908.263741935483,4.067741935483871,318.0813870967742,4.431612903225807,0.05820221127376879
2024-12-12,8.930000305175781,9.770000457763672,8.430000305175781,8.880000114440918,103900,29910.82484946237,4.064516129032258,318.12922580645164,4.426774193548387,0.06892767747662831
2024-12-13,8.850000381469727,9.710000038146973,7.185999870300293,7.630000114440918,108200,29913.385956989245,4.061290322580645,318.17706451612906,4.421935483870968,-0.3219956315908318
2024-12-16,7.519999980926514,7.789999961853027,6.119999885559082,6.360000133514404,101900,29921.06927956989,4.051612903225807,318.32058064516133,4.4074193548387095,0.5501351554640737
2024-12-17,6.28000020980835,7.130000114440918,5.420000076293945,5.809999942779541,146500,29923.63038709677,4.048387096774193,318.3684193548387,4.402580645161291,-0.21893057445497477
2024-12-18,6.599999904632568,6.686999797821045,4.860000133514404,4.869999885559082,124700,29926.19149462365,4.04516129032258,318.4162580645161,4.397741935483872,-0.39686595883545395
2024-12-19,5.019999980926514,5.739999771118164,4.670000076293945,5.340000152587891,122000,29928.752602150536,4.041935483870968,318.46409677419354,4.392903225806452,0.04066622685575849
2024-12-20,5.199999809265137,6.309999942779541,4.610000133514404,5.199999809265137,984300,29931.31370967742,4.038709677419354,318.51193548387096,4.388064516129033,-0.027127077180414294
2024-12-23,5.199999809265137,7.690000057220459,5.199999809265137,7.579999923706055,202700,29938.997032258063,4.029032258064516,318.6554516129032,4.373548387096775,0.9530995498419013
2024-12-24,7.099999904632568,7.5,6.769999980926514,6.900000095367432,66800,29941.558139784946,4.025806451612903,318.70329032258064,4.368709677419355,0.0008947279562907529
2024-12-26,6.920000076293945,7.03000020980835,6.010000228881836,6.489999771118164,77400,29946.680354838707,4.019354838709678,318.7989677419355,4.359032258064516,0.35733857714678074
2024-12-27,6.460000038146973,6.699999809265137,5.40500020980835,5.429999828338623,88600,29949.24146236559,4.016129032258064,318.8468064516129,4.354193548387097,-0.23304692890190104
2024-12-30,5.710000038146973,5.9629998207092285,5.224999904632568,5.409999847412109,93700,29956.92478494624,4.006451612903226,318.9903225806452,4.339677419354839,0.8331538069024358
2024-12-31,5.53000020980835,5.739999771118164,5.099999904632568,5.21999979019165,28700,29959.48589247312,4.003225806451613,319.0381612903226,4.33483870967742,0.010683572384834417
2025-01-02,5.23199987411499,5.639999866485596,4.889999866485596,4.929999828338623,65300,29962.047,4.003225806451613,319.1082258064516,4.33,-0.16973284051370663
2025-01-03,5.050000190734863,5.239999771118164,4.739999771118164,4.949999809265137,64500,29962.047,4.006451612903226,319.13045161290324,4.33,-0.4545100486601079
2025-01-06,5.099999904632568,5.639999866485596,4.5,4.5,63900,29962.047,4.016129032258064,319.1971290322581,4.33,-1.0
2025-01-07,4.599999904632568,4.940000057220459,4.349999904632568,4.579999923706055,71900,29962.047,4.019354838709678,319.2193548387097,4.33,-0.4769374406789093
2025-01-08,4.46999979019165,4.880000114440918,4.409999847412109,4.449999809265137,38200,29962.047,4.02258064516129,319.2415806451613,4.33,-0.4902538601018447
2025-01-10,4.360000133514404,4.510000228881836,4.039999961853027,4.059999942779541,192700,29962.047,4.029032258064516,319.2860322580645,4.33,-0.639988663161976
2025-01-13,4.300000190734863,4.460000038146973,3.690000057220459,3.950000047683716,113900,29962.047,4.038709677419354,319.35270967741934,4.33,-0.8557864094982439
2025-01-14,4.010000228881836,4.119999885559082,3.5,3.740000009536743,50900,29962.047,4.041935483870968,319.37493548387096,4.33,-0.588206402851752
2025-01-15,3.930000066757202,4.670000076293945,3.5199999809265137,4.409999847412109,58500,29962.047,4.04516129032258,319.3971612903226,4.33,-0.5360883285003073
2025-01-16,4.340000152587891,4.699999809265137,4.210000038146973,4.449999809265137,57700,29962.047,4.048387096774193,319.4193870967742,4.33,-0.46118044655816814
2025-01-17,4.519999980926514,4.625,4.420000076293945,4.619999885559082,22300,29962.047,4.051612903225807,319.4416129032258,4.33,-0.3588428852992034
2025-01-21,4.619999885559082,6.789999961853027,4.619999885559082,6.539999961853027,327100,29962.047,4.064516129032258,319.53051612903226,4.33,-0.7703036809275579
2025-01-22,6.489999771118164,6.489999771118164,5.010000228881836,5.800000190734863,139900,29962.047,4.067741935483871,319.5527419354839,4.33,-0.7313124422324471
2025-01-23,5.880000114440918,5.880000114440918,5.0,5.440000057220459,55700,29962.047,4.070967741935483,319.5749677419355,4.33,-0.5802038126994917
2025-01-24,5.380000114440918,5.380000114440918,5.010000228881836,5.110000133514404,23000,29962.047,4.074193548387097,319.5971935483871,4.33,-0.46976149367113584
2025-01-27,4.869999885559082,5.079999923706055,4.5,5.059999942779541,66700,29962.047,4.083870967741936,319.6638709677419,4.33,-0.732665596703209
2025-01-28,4.849999904632568,5.099999904632568,4.670000076293945,4.980000019073486,25100,29962.047,4.087096774193548,319.6860967741935,4.33,-0.4527484167381215
2025-01-29,4.829999923706055,5.190000057220459,4.760000228881836,4.96999979019165,37700,29962.047,4.090322580645161,319.7083225806452,4.33,-0.4354722270771294
2025-01-30,5.480000019073486,6.400000095367432,4.96999979019165,5.900000095367432,91700,29962.047,4.0935483870967735,319.73054838709675,4.33,-0.4750762283302452
2025-01-31,5.900000095367432,5.900000095367432,4.5,4.809999942779541,121700,29962.047,4.096774193548387,319.7527741935484,4.33,-0.8177208568109007
2025-02-03,4.550000190734863,4.695000171661377,4.21999979019165,4.440000057220459,66600,29962.047,4.107142857142857,319.7635714285714,4.33,-0.6724052134322922
2025-02-04,4.5,5.03000020980835,4.5,5.03000020980835,31700,29962.047,4.110714285714286,319.7578571428571,4.33,-0.3097762235622914
2025-02-05,5.0,5.599999904632568,4.853000164031982,5.179999828338623,35600,29962.047,4.114285714285714,319.7521428571428,4.33,-0.4405576425328461
2025-02-06,5.21999979019165,5.21999979019165,4.699999809265137,4.820000171661377,43200,29962.047,4.117857142857143,319.74642857142857,4.33,-0.4634478003308806
2025-02-07,4.980000019073486,4.980000019073486,4.28000020980835,4.369999885559082,25900,29962.047,4.121428571428571,319.74071428571426,4.33,-0.5623167426582532
2025-02-10,4.309999942779541,4.550000190734863,4.269999980926514,4.510000228881836,23000,29962.047,4.132142857142857,319.7235714285714,4.33,-0.4946848842774192
2025-02-11,4.510000228881836,4.659999847412109,4.300000190734863,4.559999942779541,12500,29962.047,4.135714285714285,319.7178571428572,4.33,-0.3756902903691708
2025-02-12,4.46999979019165,4.650000095367432,4.421999931335449,4.46999979019165,23700,29962.047,4.139285714285714,319.71214285714285,4.33,-0.35400304795270343
2025-02-13,4.380000114440918,4.570000171661377,4.349999904632568,4.519999980926514,16700,29962.047,4.142857142857142,319.70642857142855,4.33,-0.3309434155337011
2025-02-14,4.460000038146973,5.191999912261963,4.420000076293945,5.099999904632568,32400,29962.047,4.146428571428571,319.7007142857143,4.33,-0.3703464022701701
2025-02-18,5.199999809265137,5.199999809265137,4.650000095367432,4.75,25300,29962.047,4.160714285714286,319.67785714285714,4.33,-0.724494801811616
2025-02-19,4.630000114440918,4.880000114440918,4.630000114440918,4.809999942779541,16800,29962.047,4.164285714285715,319.67214285714283,4.33,-0.33029162799211187
2025-02-20,4.61299991607666,4.889999866485596,4.61299991607666,4.829999923706055,8500,29962.047,4.167857142857143,319.6664285714286,4.33,-0.35034445753728427
2025-02-21,4.900000095367432,4.900000095367432,4.610000133514404,4.809999942779541,12000,29962.047,4.171428571428572,319.6607142857143,4.33,-0.3564179616122789
2025-02-24,4.920000076293945,4.920000076293945,4.46999979019165,4.840000152587891,10200,29962.047,4.182142857142857,319.6435714285714,4.33,-0.5587715259178505
2025-02-25,4.593999862670898,4.809999942779541,4.579999923706055,4.760000228881836,14200,29962.047,4.185714285714286,319.6378571428572,4.33,-0.345655921236505
2025-02-26,4.88100004196167,5.170000076293945,4.789999961853027,5.110000133514404,39900,29962.047,4.189285714285714,319.63214285714287,4.33,-0.28161252546711923
2025-02-27,4.960000038146973,5.039999961853027,3.700000047683716,3.75,57300,29962.047,4.192857142857143,319.62642857142856,4.33,-0.9136553884972831
2025-02-28,3.920000076293945,4.929999828338623,3.700000047683716,4.909999847412109,54500,29962.047,4.196428571428571,319.6207142857143,4.33,-0.32157105810471776
2025-03-03,4.840000152587891,4.869999885559082,4.5,4.739999771118164,23700,29962.047,4.2,319.6605483870968,4.33,-0.4815469960688603
2025-03-04,4.5320000648498535,4.619999885559082,4.400000095367432,4.489999771118164,15300,29962.047,4.2,319.68332258064515,4.33,-0.3348153607472557
2025-03-05,4.409999847412109,4.900000095367432,4.300000190734863,4.829999923706055,12900,29962.047,4.2,319.70609677419355,4.33,-0.3414823530398803
2025-03-06,4.727000236511231,4.739999771118164,4.440000057220459,4.579999923706055,14000,29962.047,4.2,319.72887096774195,4.33,-0.35686690761215045
2025-03-07,4.579999923706055,4.650000095367432,4.110000133514404,4.190000057220459,9600,29962.047,4.2,319.7516451612904,4.33,-0.4758026201888623
2025-03-10,4.25,4.400000095367432,4.070000171661377,4.190000057220459,20900,29962.047,4.2,319.8199677419355,4.33,-0.4178212492216171
2025-03-11,4.079999923706055,5.489999771118164,4.0,5.489999771118164,58300,29962.047,4.2,319.8427419354839,4.33,-0.28323114650705394
2025-03-12,5.480000019073486,5.5,5.050000190734863,5.28000020980835,22300,29962.047,4.2,319.8655161290323,4.33,-0.3598857591133584
2025-03-13,5.25,5.739999771118164,5.070000171661377,5.460000038146973,23900,29962.047,4.2,319.88829032258064,4.33,-0.3526115207559739
2025-03-14,5.320000171661377,5.710000038146973,5.320000171661377,5.550000190734863,10200,29962.047,4.2,319.91106451612904,4.33,-0.31699110806852104
2025-03-17,5.550000190734863,5.710000038146973,5.196000099182129,5.369999885559082,16000,29962.047,4.2,319.9793870967742,4.33,-0.4765213373430792
2025-03-18,5.46999979019165,5.510000228881836,5.190000057220459,5.510000228881836,9200,29962.047,4.2,320.0021612903226,4.33,-0.2934098994912471
2025-03-19,5.550000190734863,5.739999771118164,5.465000152587891,5.489999771118164,77400,29962.047,4.2,320.024935483871,4.33,-0.19844152964022532
2025-03-20,5.570000171661377,5.710000038146973,4.800000190734863,5.0,14100,29962.047,4.2,320.0477096774194,4.33,-0.5469129654826574
2025-03-21,4.829999923706055,5.260000228881836,3.974999904632568,5.260000228881836,76400,29962.047,4.2,320.07048387096773,4.33,-0.4378896816940028
2025-03-24,5.420000076293945,5.739999771118164,5.123000144958496,5.289999961853027,19000,29962.047,4.2,320.13880645161294,4.33,-0.47731294198124563
2025-03-25,5.460000038146973,5.460000038146973,4.949999809265137,5.150000095367432,8200,29962.047,4.2,320.16158064516134,4.33,-0.3953950694166988
2025-03-26,5.079999923706055,5.199999809265137,4.730000019073486,4.920000076293945,40900,29962.047,4.2,320.1843548387097,4.33,-0.3590411680558909
2025-03-27,5.0,5.0,4.400000095367432,4.420000076293945,16500,29962.047,4.2,320.2071290322581,4.33,-0.49058999565411066
2025-03-28,4.989999771118164,4.989999771118164,4.25,4.289999961853027,19900,29962.047,4.2,320.2299032258065,4.33,-0.47792589027497856
2025-03-31,4.159999847412109,4.377999782562256,3.7699999809265137,4.0,38000,29962.047,4.2,320.2982258064516,4.33,-0.54949765770213
2025-04-01,4.099999904632568,4.130000114440918,3.839999914169312,3.859999895095825,13500,29962.047,4.2,320.321,4.33,-0.3595643627974774
2025-04-02,3.7100000381469727,3.7300000190734863,3.450000047683716,3.525000095367432,29900,29962.047,4.2,320.32963333333333,4.33,-0.3511107183321842
2025-04-03,3.7100000381469727,3.8350000381469727,3.0850000381469727,3.0899999141693115,27200,29962.047,4.2,320.3382666666667,4.33,-0.6083354334744977
2025-04-04,3.119999885559082,3.303999900817871,3.009999990463257,3.0299999713897705,28800,29962.047,4.2,320.3469,4.33,-0.32722979734346813
2025-04-07,2.970000028610229,2.970000028610229,2.440000057220459,2.5999999046325684,35900,29962.047,4.2,320.37280000000004,4.33,-0.5965466036522455
2025-04-08,2.859999895095825,3.0,2.25,2.309999942779541,29400,29962.047,4.2,320.38143333333335,4.33,-0.7086426032049848
2025-04-09,2.4100000858306885,2.4100000858306885,2.026000022888184,2.140000104904175,46000,29962.047,4.2,320.39006666666666,4.33,-0.4586405570548371
2025-04-10,2.1600000858306885,2.7699999809265137,2.0899999141693115,2.0999999046325684,27700,29962.047,4.2,320.3987,4.33,-0.6399927253612798
2025-04-11,2.2300000190734863,2.2300000190734863,1.909999966621399,2.0,38700,29962.047,4.2,320.4073333333333,4.33,-0.42501524200209184
2025-04-14,2.0999999046325684,2.3239998817443848,1.7599999904632568,1.7799999713897705,41800,29962.047,4.2,320.43323333333336,4.33,-0.7233343567972279
2025-04-15,1.7999999523162842,1.950000047683716,1.7999999523162842,1.850000023841858,174300,29962.047,4.2,320.44186666666667,4.33,-0.12417717418377228
2025-04-16,1.899999976158142,1.919999957084656,1.6150000095367432,1.6200000047683716,41200,29962.047,4.2,320.45050000000003,4.33,-0.5308593023045034
2025-04-17,1.6100000143051147,2.0299999713897705,1.6100000143051147,1.9800000190734863,63300,29962.047,4.2,320.45913333333334,4.33,-0.27589149693200365
2025-04-21,1.9700000286102293,2.140000104904175,1.840000033378601,1.899999976158142,58600,29962.047,4.2,320.4936666666667,4.33,-0.4636045644277764
2025-04-22,2.0,2.08899998664856,1.909999966621399,1.950000047683716,28400,29962.047,4.2,320.5023,4.33,-0.29715302668212273
2025-04-23,1.899999976158142,2.0,1.899999976158142,1.9800000190734863,44300,29962.047,4.2,320.51093333333336,4.33,-0.23488728021828942
2025-04-24,2.049999952316284,2.0999999046325684,1.899999976158142,1.9900000095367432,14700,29962.047,4.2,320.51956666666666,4.33,-0.3395494871458198
2025-04-25,1.950000047683716,2.069999933242798,1.950000047683716,2.049999952316284,17000,29962.047,4.2,320.5282,4.33,-0.26031901445325367
2025-04-28,2.009999990463257,2.150000095367432,1.830000042915344,1.8450000286102293,57200,29962.047,4.2,320.5541,4.33,-0.5178943367869056
2025-04-29,1.850000023841858,1.899999976158142,1.7100000381469729,1.75,42800,29962.047,4.2,320.5627333333333,4.33,-0.36846975836579876
2025-04-30,1.75,1.940000057220459,1.6699999570846558,1.7699999809265137,45500,29962.047,4.2,320.5713666666667,4.33,-0.3790260740556375
2025-05-01,1.8600000143051147,1.9800000190734863,1.774999976158142,1.8799999952316284,56700,29962.047,4.2,320.58,4.33,-0.2714255202430573
2025-05-02,2.0,2.0,1.899999976158142,1.950000047683716,31800,29962.047,4.196774193548388,320.58,4.33,-0.1302719175975421
2025-05-05,1.9989999532699585,2.0,1.871000051498413,1.919999957084656,680100,29962.047,4.187096774193549,320.58,4.33,0.30126648387477273
2025-05-06,2.140000104904175,2.390000104904175,1.809999942779541,2.319999933242798,11641100,29962.047,4.183870967741935,320.58,4.33,0.42197449475283144
2025-05-07,2.109999895095825,2.259999990463257,2.04099988937378,2.190000057220459,440100,29962.047,4.180645161290323,320.58,4.33,-0.27089201542479435
2025-05-08,2.0999999046325684,2.1600000858306885,1.9600000381469729,2.140000104904175,291600,29962.047,4.17741935483871,320.58,4.33,-0.24544682713344146
2025-05-09,2.059999942779541,2.174999952316284,2.0299999713897705,2.130000114440918,117300,29962.047,4.174193548387096,320.58,4.33,-0.2069189413954733
2025-05-12,2.069999933242798,2.2100000381469727,2.0369999408721924,2.0999999046325684,155300,29962.047,4.164516129032258,320.58,4.33,-0.06158584080474516
2025-05-13,2.049999952316284,2.150000095367432,1.9739999771118164,2.0199999809265137,69400,29962.047,4.161290322580645,320.58,4.33,-0.26174983606154834
2025-05-14,2.0999999046325684,2.0999999046325684,1.7999999523162842,1.8600000143051147,185700,29962.047,4.158064516129032,320.58,4.33,-0.3884878438627286
2025-05-15,1.850000023841858,2.0999999046325684,1.850000023841858,2.0999999046325684,125800,29962.047,4.154838709677419,320.58,4.33,-0.17292443611982478
2025-05-16,2.119999885559082,2.299999952316284,2.000999927520752,2.299999952316284,173300,29962.047,4.151612903225806,320.58,4.33,-0.2114351871935397
2025-05-19,2.1700000762939453,2.200000047683716,2.059999942779541,2.190000057220459,115500,29962.047,4.141935483870967,320.58,4.33,-0.06485477358392422
2025-05-20,2.125,2.299999952316284,2.0799999237060547,2.2300000190734863,127500,29962.047,4.138709677419355,320.58,4.33,-0.23074359952025225
2025-05-21,2.243000030517578,2.243000030517578,1.8600000143051147,1.9800000190734863,274900,29962.047,4.135483870967742,320.58,4.33,-0.45347530058190255
2025-05-22,2.0350000858306885,2.0799999237060547,2.0,2.005000114440918,85400,29962.047,4.132258064516129,320.58,4.33,-0.15705387915501035
2025-05-23,2.069999933242798,2.0899999141693115,1.9049999713897705,2.0,193800,29962.047,4.129032258064516,320.58,4.33,-0.23497957934984204
2025-05-27,2.180000066757202,2.180000066757202,1.940000057220459,1.9900000095367432,495000,29962.047,4.116129032258065,320.58,4.33,-0.004623110859437896
2025-05-28,2.0299999713897705,2.119999885559082,1.7999999523162842,2.0899999141693115,684700,29962.047,4.112903225806451,320.58,4.33,-0.25291019895367883
2025-05-29,2.049999952316284,2.0899999141693115,1.9800000190734863,2.0799999237060547,114600,29962.047,4.109677419354838,320.58,4.33,-0.1872341341865964
2025-05-30,2.069999933242798,2.069999933242798,1.909999966621399,1.9800000190734863,69000,29962.047,4.106451612903226,320.58,4.33,-0.2613332732405216
